<wpml-config>
	<admin-texts>
		<key name="wm-jaguar">
			<key name="wm-general-credits" />
			<key name="wm-general-search-placeholder" />

			<key name="wm-general-permalink-clients" />
			<key name="wm-general-permalink-modules" />
			<key name="wm-general-permalink-portfolio" />
			<key name="wm-general-permalink-portfolio-category" />
			<key name="wm-general-permalink-slides" />
			<key name="wm-general-permalink-team" />

			<key name="wm-cta-text" />
			<key name="wm-cta-btn-text" />
			<key name="wm-cta-btn-url" />

			<key name="wm-layout-menu-special-title" />
			<key name="wm-layout-clients-title" />

			<key name="wm-design-admin-footer" />

			<key name="wm-seo-keywords" />
			<key name="wm-seo-description" />
		</key>
	</admin-texts>
</wpml-config>