{"wm-general-boxed":"fullwidth","wm-general-width":"r940","wm-general-projects-in-feed":"","wm-general-search-placeholder":"Search term","wm-general-website-author":"WebMan - www.webmandesign.eu","wm-general-gzip":"","wm-general-no-help":"","wm-general-no-update-notifier":"","wm-general-default-menu":"","wm-general-theme-options-reset":"","wm-general-projects-image-ratio":"ratio-169","wm-general-post-image-ratio":"ratio-21","wm-general-post-image-ratio-alt":"ratio-169","wm-general-gallery-image-ratio":"ratio-169","wm-general-staff-image-ratio":"ratio-169","wm-general-lightbox-img":"full","wm-general-breadcrumbs":"bottom","wm-general-breadcrumbs-portfolio-page":"portfolio","wm-general-breadcrumbs-archives":"","wm-general-breadcrumbs-404":"","wm-general-breadcrumbs-search":" animated-form","wm-branding-logo-type":"img","wm-branding-logo-img":[],"wm-branding-logo-img-highdpi":[],"wm-branding-logo-margin":-1,"wm-branding-favicon-url-ico":"","wm-branding-favicon-url-png":"","wm-branding-touch-icon-url-57":"","wm-branding-touch-icon-url-72":"","wm-branding-touch-icon-url-114":"","wm-branding-touch-icon-url-144":"","wm-branding-login-logo":"","wm-branding-login-logo-height":100,"wm-branding-login-bg-color":"ffffff","wm-branding-login-bg-img-url":"","wm-branding-login-bg-img-position":"50% 0","wm-branding-login-bg-img-repeat":"no-repeat","wm-branding-login-bg-img-attachment":"scroll","wm-branding-login-bg-pattern":"","wm-branding-login-form-bg-color":"","wm-branding-login-form-button-bg-color":"cbe2f2","wm-branding-login-accent-color":"","wm-branding-login-link-bg-color":"","wm-branding-login-message-bg-color":"","wm-branding-admin-use-logo":"true","wm-branding-admin-bar-no-logo":"true","wm-branding-admin-logo":"","wm-branding-admin-footer":"","wm-branding-panel-logo":"","wm-branding-panel-no-logo":"","wm-branding-remove-menu-posts":"","wm-branding-remove-menu-media":"","wm-branding-remove-menu-comments":"","wm-branding-remove-dash-incominglinks":"","wm-branding-remove-dash-wpsecondary":"true","wm-branding-remove-dash-plugins":"true","wm-branding-remove-dash-quickpress":"true","wm-branding-remove-dash-recentcomments":"","wm-branding-remove-dash-recentdrafts":"true","wm-branding-remove-dash-rightnow":"","wm-branding-remove-dash-wpprimary":"true","wm-branding-remove-dash-quickaccess":"","wm-branding-dash-quickaccess-title":"Quick Access","wm-branding-dash-quickaccess-text":"","wm-blog-blog-excerpt-length":40,"wm-blog-disable-featured-image":"","wm-blog-disable-date":"","wm-blog-disable-author":"","wm-blog-disable-cats":"","wm-blog-disable-comments-count":"","wm-blog-disable-permalink":"","wm-blog-disable-tags":"","wm-blog-disable-bio":"","wm-blog-archive-no-sidebar":"","wm-blog-no-format-audio":"","wm-blog-no-format-gallery":"","wm-blog-no-format-link":"","wm-blog-no-format-quote":"","wm-blog-no-format-status":"","wm-blog-no-format-video":"","wm-cp-modules-role-container":"","wm-cp-role-modules":"page","wm-cp-permalink-module":"module","wm-cp-modules-revisions":"","wm-cp-faq-role-container":"","wm-cp-role-faq":"post","wm-cp-permalink-faq":"faq","wm-cp-faq-revisions":"","wm-cp-logos-role-container":"","wm-cp-role-logos":"post","wm-cp-permalink-logos":"logo","wm-cp-prices-role-container":"","wm-cp-role-prices":"page","wm-cp-permalink-price":"price","wm-cp-projects-role-container":"","wm-cp-role-projects":"post","wm-cp-permalink-project":"project","wm-cp-permalink-project-category":"project\/category","wm-cp-projects-revisions":"","wm-cp-project-default-layout":"media, col-34, col-14 last","wm-cp-projects-default-atts":[],"wm-cp-staff-role-container":"","wm-cp-role-staff":"page","wm-cp-staff-rich":"true","wm-cp-permalink-staff":"staff","wm-cp-permalink-staff-department":"staff\/department","wm-cp-staff-revisions":"","wm-tracking-custom-footer":"","wm-tracking-no-logged":"read_private_pages","wm-header-height":0,"wm-header-header-position":"","wm-header-top-bar-fixed":"","wm-header-navigation-position":" nav-right","wm-header-navigation-margin":-1,"wm-header-right":"","wm-header-right-margin":-1,"wm-contents-sidebar-width":" three pane; nine pane","wm-contents-sidebar-position":"right","wm-contents-page-excerpt":"","wm-contents-no-related-projects":"","wm-contents-related-projects-title":"","wm-contents-page-comments":"true","wm-contents-post-comments":"","wm-contents-project-comments":"true","wm-contents-home-php":"","wm-contents-page-template-construction-php":"","wm-contents-page-template-landing-php":"","wm-contents-page-template-map-php":"","wm-contents-page-template-portfolio-php":"","wm-contents-page-template-redirect-php":"","wm-contents-page-template-sections-php":"","wm-contents-page-template-sitemap-php":"","wm-footer-credits":"[column size=\"3\/4\"]<p><strong>(C)\u00a0Copyright YEAR !LesPaul Demo.<\/strong> WordPress theme by <a href=\"http:\/\/www.webmandesign.eu\">WebManDesign.eu<\/a>.<\/p><p>Lorem ipsum dolor sit amet, consectetur adipiscing elit. Integer magna felis, laoreet sed pulvinar mattis, aliquet non mauris. Nulla facilisi. Fusce mattis congue vulputate. Curabitur eu libero eu urna varius egestas. Vestibulum ante ipsum primis in faucibus orci luctus et ultrices posuere cubilia Curae.<\/p>[\/column]\r\n\r\n[column size=\"1\/4 last\"]<p><em>Lorem ipsum dolor sit amet, consectetur adipiscing elit. Integer magna felis, laoreet sed pulvinar mattis, aliquet non mauris.<\/em><\/p>[\/column]","wm-widgets-sidebars":["Contact page","Page sidebar"],"wm-design-skin":"default.css","wm-design-no-animation-navigation":"","wm-design-no-animation-heading":"","wm-design-accent-color":"a45c6a","wm-design-type-blue-bg-color":"cbe2f2","wm-design-type-gray-bg-color":"f6f6f6","wm-design-type-green-bg-color":"deebb9","wm-design-type-orange-bg-color":"f2dab3","wm-design-type-red-bg-color":"edc5c5","wm-design-text-color-coeficient":0,"wm-design-toppanel-bg-container":"","wm-design-toppanel-sub-1":"","wm-design-toppanel-color":"","wm-design-toppanel-accent-color":"","wm-design-toppanel-border-color":"","wm-design-toppanel-layout":"","wm-design-toppanel-sub-2":"","wm-design-toppanel-bg-color":"f6f6f6","wm-design-toppanel-bg-pattern":"","wm-design-toppanel-imagebox":"","wm-design-toppanel-bg-img-url":[],"wm-design-toppanel-bg-img-url-highdpi":[],"wm-design-toppanel-bg-img-position":"50% 0","wm-design-toppanel-bg-img-repeat":"no-repeat","wm-design-toppanel-bg-img-attachment":"scroll","wm-design-header-bg-container":"","wm-design-header-sub-1":"","wm-design-header-color":"","wm-design-header-border-color":"","wm-design-header-layout":"","wm-design-header-sub-2":"","wm-design-header-bg-color":"","wm-design-header-bg-pattern":"","wm-design-header-imagebox":"","wm-design-header-bg-img-url":[],"wm-design-header-bg-img-url-highdpi":[],"wm-design-header-bg-img-position":"50% 0","wm-design-header-bg-img-repeat":"no-repeat","wm-design-header-bg-img-attachment":"scroll","wm-design-navigation-bg-container":"","wm-design-navigation-sub-1":"","wm-design-navigation-color":"","wm-design-navigation-border-color":"","wm-design-subnavigation-bg-color":"","wm-design-subnavigation-color":"","wm-design-navigation-sub-2":"","wm-design-navigation-bg-color":"","wm-design-navigation-bg-pattern":"","wm-design-navigation-imagebox":"","wm-design-navigation-bg-img-url":[],"wm-design-navigation-bg-img-url-highdpi":[],"wm-design-navigation-bg-img-position":"50% 0","wm-design-navigation-bg-img-repeat":"no-repeat","wm-design-navigation-bg-img-attachment":"scroll","wm-design-slider-bg-container":"","wm-design-slider-sub-1":"","wm-design-slider-border-color":"","wm-design-slider-layout":"","wm-design-slider-sub-2":"","wm-design-slider-bg-color":"","wm-design-slider-bg-pattern":"","wm-design-slider-imagebox":"","wm-design-slider-bg-img-url":[],"wm-design-slider-bg-img-url-highdpi":[],"wm-design-slider-bg-img-position":"50% 0","wm-design-slider-bg-img-repeat":"no-repeat","wm-design-slider-bg-img-attachment":"scroll","wm-design-mainheading-bg-container":"","wm-design-mainheading-sub-1":"","wm-design-mainheading-color":"ffffff","wm-design-mainheading-alt-color":"aaaaaa","wm-design-mainheading-accent-color":"ffffff","wm-design-mainheading-border-color":"","wm-design-mainheading-layout":"","wm-design-main-heading-alignment":"left","wm-design-mainheading-sub-2":"","wm-design-mainheading-bg-color":"1a1a1a","wm-design-mainheading-bg-pattern":"","wm-design-mainheading-imagebox":"","wm-design-mainheading-bg-img-url":[],"wm-design-mainheading-bg-img-url-highdpi":[],"wm-design-mainheading-bg-img-position":"50% 0","wm-design-mainheading-bg-img-repeat":"no-repeat","wm-design-mainheading-bg-img-attachment":"scroll","wm-design-breadcrumbs-bg-container":"","wm-design-breadcrumbs-sub-1":"","wm-design-breadcrumbs-color":"","wm-design-breadcrumbs-accent-color":"","wm-design-breadcrumbs-border-color":"","wm-design-breadcrumbs-layout":"","wm-design-breadcrumbs-sub-2":"","wm-design-breadcrumbs-bg-color":"","wm-design-breadcrumbs-bg-pattern":"","wm-design-breadcrumbs-imagebox":"","wm-design-breadcrumbs-bg-img-url":[],"wm-design-breadcrumbs-bg-img-url-highdpi":[],"wm-design-breadcrumbs-bg-img-position":"50% 0","wm-design-breadcrumbs-bg-img-repeat":"no-repeat","wm-design-breadcrumbs-bg-img-attachment":"scroll","wm-design-pageexcerpt-bg-container":"","wm-design-pageexcerpt-sub-1":"","wm-design-pageexcerpt-color":"","wm-design-pageexcerpt-alt-color":"","wm-design-pageexcerpt-accent-color":"","wm-design-pageexcerpt-border-color":"","wm-design-pageexcerpt-layout":"","wm-design-pageexcerpt-sub-2":"","wm-design-pageexcerpt-bg-color":"","wm-design-pageexcerpt-bg-pattern":"","wm-design-pageexcerpt-imagebox":"","wm-design-pageexcerpt-bg-img-url":[],"wm-design-pageexcerpt-bg-img-url-highdpi":[],"wm-design-pageexcerpt-bg-img-position":"50% 0","wm-design-pageexcerpt-bg-img-repeat":"no-repeat","wm-design-pageexcerpt-bg-img-attachment":"scroll","wm-design-content-bg-container":"","wm-design-content-sub-1":"","wm-design-content-color":"","wm-design-content-alt-color":"","wm-design-content-border-color":"","wm-design-content-layout":"","wm-design-content-sub-2":"","wm-design-content-bg-color":"","wm-design-content-bg-pattern":"","wm-design-content-imagebox":"","wm-design-content-bg-img-url":[],"wm-design-content-bg-img-url-highdpi":[],"wm-design-content-bg-img-position":"50% 0","wm-design-content-bg-img-repeat":"no-repeat","wm-design-content-bg-img-attachment":"scroll","wm-design-abovefooter-bg-container":"","wm-design-abovefooter-sub-1":"","wm-design-abovefooter-color":"","wm-design-abovefooter-alt-color":"","wm-design-abovefooter-accent-color":"","wm-design-abovefooter-border-color":"","wm-design-abovefooter-layout":"","wm-design-abovefooter-sub-2":"","wm-design-abovefooter-bg-color":"","wm-design-abovefooter-bg-pattern":"","wm-design-abovefooter-imagebox":"","wm-design-abovefooter-bg-img-url":[],"wm-design-abovefooter-bg-img-url-highdpi":[],"wm-design-abovefooter-bg-img-position":"50% 0","wm-design-abovefooter-bg-img-repeat":"no-repeat","wm-design-abovefooter-bg-img-attachment":"scroll","wm-design-footer-bg-container":"","wm-design-footer-sub-1":"","wm-design-footer-color":"999999","wm-design-footer-alt-color":"777777","wm-design-footer-accent-color":"999999","wm-design-footer-border-color":"","wm-design-footer-layout":"","wm-design-footer-sub-2":"","wm-design-footer-bg-color":"f6f6f6","wm-design-footer-bg-pattern":"","wm-design-footer-imagebox":"","wm-design-footer-bg-img-url":[],"wm-design-footer-bg-img-url-highdpi":[],"wm-design-footer-bg-img-position":"50% 0","wm-design-footer-bg-img-repeat":"no-repeat","wm-design-footer-bg-img-attachment":"scroll","wm-design-bottom-bg-container":"","wm-design-bottom-sub-1":"","wm-design-bottom-color":"666666","wm-design-bottom-accent-color":"aaaaaa","wm-design-bottom-border-color":"","wm-design-bottom-sub-2":"","wm-design-bottom-bg-color":"1a1a1a","wm-design-bottom-bg-pattern":"","wm-design-bottom-imagebox":"","wm-design-bottom-bg-img-url":[],"wm-design-bottom-bg-img-url-highdpi":[],"wm-design-bottom-bg-img-position":"50% 0","wm-design-bottom-bg-img-repeat":"no-repeat","wm-design-bottom-bg-img-attachment":"scroll","wm-design-html-bg-container":"","wm-design-html-sub-1":"","wm-design-html-bg-color":"1a1a1a","wm-design-html-bg-pattern":"","wm-design-html-imagebox":"","wm-design-html-bg-img-url":[],"wm-design-html-bg-img-url-highdpi":[],"wm-design-html-bg-img-position":"50% 0","wm-design-html-bg-img-repeat":"no-repeat","wm-design-html-bg-img-attachment":"scroll","wm-design-body-sub-2":"","wm-design-body-bg-pattern":"","wm-design-body-imagebox":"","wm-design-body-bg-img-url":[],"wm-design-body-bg-img-url-highdpi":[],"wm-design-body-bg-img-position":"50% 0","wm-design-body-bg-img-repeat":"no-repeat","wm-design-body-bg-img-attachment":"scroll","wm-design-font-custom":"<link href='http:\/\/fonts.googleapis.com\/css?family=Ubuntu:300,400,700' rel='stylesheet' type='text\/css'>","wm-design-font-primary":"Ubuntu, Helvetica, Arial, Verdana, sans-serif","wm-design-font-secondary":"Ubuntu, Helvetica, Arial, Verdana, sans-serif","wm-design-font-body-stack":"primary","wm-design-font-body-size":13,"wm-design-font-heading-stack":"secondary","wm-design-fontello-classes":"icon-address, icon-air, icon-alert, icon-archive, icon-arrow-combo, icon-arrows-ccw, icon-attach, icon-attention, icon-back, icon-back-in-time, icon-bag, icon-basket, icon-battery, icon-bell, icon-block, icon-book, icon-book-open, icon-bookmark, icon-bookmarks, icon-box, icon-briefcase, icon-brush, icon-bucket, icon-calendar, icon-camera, icon-cancel, icon-cancel-circled, icon-cancel-squared, icon-cc, icon-cc-by, icon-cc-nc, icon-cc-nd, icon-cc-sa, icon-cc-share, icon-ccw, icon-cd, icon-chart-area, icon-chart-bar, icon-chart-line, icon-chart-pie, icon-chat, icon-check, icon-clipboard, icon-clock, icon-cloud, icon-cloud-thunder, icon-code, icon-cog, icon-comment, icon-compass, icon-credit-card, icon-cup, icon-cw, icon-database, icon-direction, icon-doc-text, icon-docs, icon-down-bold, icon-down-circled, icon-down-dir, icon-down-open, icon-down-open-big, icon-down-open-mini, icon-down-thin, icon-download, icon-drive, icon-droplet, icon-export, icon-eye, icon-feather, icon-flag, icon-flash, icon-flashlight, icon-flight, icon-floppy, icon-flow-cascade, icon-flow-tree, icon-folder, icon-forward, icon-gauge, icon-globe, icon-graduation-cap, icon-heart, icon-heart-empty, icon-help, icon-help-circled, icon-home, icon-hourglass, icon-inbox, icon-infinity, icon-info, icon-info-circled, icon-install, icon-key, icon-keyboard, icon-lamp, icon-language, icon-layout, icon-leaf, icon-left-bold, icon-left-circled, icon-left-dir, icon-left-open, icon-left-open-big, icon-left-open-mini, icon-left-thin, icon-lifebuoy, icon-light-down, icon-light-up, icon-link, icon-list, icon-location, icon-lock, icon-lock-open, icon-login, icon-logout, icon-loop, icon-magnet, icon-mail, icon-map, icon-megaphone, icon-menu, icon-mic, icon-minus, icon-minus-circled, icon-minus-squared, icon-mobile, icon-monitor, icon-moon, icon-mouse, icon-mute, icon-network, icon-newspaper, icon-note-beamed, icon-palette, icon-paper-plane, icon-pause, icon-pencil, icon-phone, icon-picture, icon-play, icon-plus, icon-plus-circled, icon-plus-squared, icon-popup, icon-print, icon-quote, icon-record, icon-reply, icon-reply-all, icon-resize-full, icon-resize-small, icon-retweet, icon-right-bold, icon-right-circled, icon-right-dir, icon-right-open, icon-right-open-big, icon-right-open-mini, icon-right-thin, icon-rocket, icon-rss, icon-search, icon-share, icon-shareable, icon-shuffle, icon-signal, icon-sound, icon-star, icon-star-empty, icon-stop, icon-suitcase, icon-switch, icon-tag, icon-target, icon-thumbs-down, icon-thumbs-up, icon-ticket, icon-to-end, icon-to-start, icon-tools, icon-traffic-cone, icon-trash, icon-trophy, icon-up-bold, icon-up-circled, icon-up-dir, icon-up-open, icon-up-open-big, icon-up-open-mini, icon-up-thin, icon-upload, icon-upload-cloud, icon-user, icon-user-add, icon-users, icon-vcard, icon-video, icon-volume, icon-window","wm-design-map-custom":"","wm-design-map-custom-marker":"","wm-design-minimize-css":"true","wm-design-gzip-cssonly":"","wm-design-custom-css":"","wm-p404-title":"Web page was not found","wm-p404-text":"<h1>Page not found<\/h1>\r\n<p>The page you are looking for was moved, deleted or does not exist.<\/p>\r\n<p>[button color=\"blue\" icon=\"icon-home\" size=\"xl\" url=\"http:\/\/democontent.webmandesign.eu\/lespaul\"]Return to homepage[\/button]<\/p>\r\n","wm-p404-no-above-footer-widgets":"","wm-access-client-area":"","wm-security-login-error":"","wm-security-wp-version":"true","wm-security-live-writer":"true"}